Date,Open,High,Low,Close,Volume
1990-01-01,0.31473199,0.34598199,0.28683001,0.30357099,3747497600
1990-02-01,0.308036,0.31473199,0.28794599,0.30357099,2483891200
1990-03-01,0.29910699,0.38727701,0.296875,0.359375,4556473600
1990-04-01,0.35714301,0.395089,0.34040201,0.35156301,3642475200
1990-05-01,0.354911,0.38169599,0.34598199,0.36830401,4115630400
1990-06-01,0.36941999,0.40066999,0.33482099,0.39955401,3952054400
1990-07-01,0.39732099,0.426339,0.35714301,0.375,4163812800
1990-08-01,0.375,0.390625,0.29910699,0.33035699,3128339200
1990-09-01,0.32589301,0.33482099,0.243304,0.25892901,2206948800
1990-10-01,0.26339301,0.285714,0.216518,0.27455401,5056116800
1990-11-01,0.27232099,0.34375,0.265625,0.328125,3254608000
1990-12-01,0.332589,0.40401801,0.33035699,0.38392901,4094092800
1991-01-01,0.38169599,0.5,0.375,0.495536,7037307200
1991-02-01,0.495536,0.55580401,0.488839,0.51116103,5545780800
1991-03-01,0.50892901,0.62723202,0.50892901,0.60714298,5210598400
1991-04-01,0.60714298,0.65401798,0.48660699,0.49107099,7243051200
1991-05-01,0.42857099,0.479911,0.39285699,0.41964301,7972843200
1991-06-01,0.41964301,0.441964,0.359375,0.370536,4091662400
1991-07-01,0.37723199,0.43080401,0.37276801,0.41294599,3783494400
1991-08-01,0.410714,0.495536,0.40848199,0.473214,4172649600
1991-09-01,0.47098199,0.47767901,0.41517901,0.441964,2393070400
1991-10-01,0.43973199,0.50223202,0.41517901,0.45982099,3593990400
1991-11-01,0.457589,0.49330401,0.42410699,0.453125,3696033600
1991-12-01,0.453125,0.51785702,0.433036,0.50334799,2607169600
1992-01-01,0.49776801,0.61607099,0.495536,0.578125,4703160000
1992-02-01,0.578125,0.625,0.55133897,0.60267901,2534996800
1992-03-01,0.60491103,0.61160702,0.515625,0.52008897,2985662400
1992-04-01,0.51116103,0.546875,0.473214,0.53683001,3931390400
1992-05-01,0.53571397,0.56473202,0.52008897,0.53348202,2703724800
1992-06-01,0.51116103,0.53125,0.38169599,0.42857099,4851683200
1992-07-01,0.42857099,0.441964,0.38839301,0.417411,3632809600
1992-08-01,0.417411,0.421875,0.370536,0.410714,2746531200
1992-09-01,0.41294599,0.44642901,0.390625,0.40290201,3055662400
1992-10-01,0.39955401,0.48214301,0.370536,0.46875,3531427200
1992-11-01,0.46875,0.53125,0.45982099,0.51339298,3126547200
1992-12-01,0.51116103,0.546875,0.48660699,0.53348202,3334318400
1993-01-01,0.53125,0.58258897,0.51116103,0.53125,5542264000
1993-02-01,0.52901798,0.54910702,0.45982099,0.473214,4651281600
1993-03-01,0.473214,0.515625,0.448661,0.45982099,3661526400
1993-04-01,0.457589,0.46875,0.417411,0.457589,3914411200
1993-05-01,0.457589,0.52790201,0.45535699,0.50558001,3200545600
1993-06-01,0.50446397,0.52008897,0.34375,0.35267901,7674396800
1993-07-01,0.348214,0.354911,0.227679,0.247768,7142912000
1993-08-01,0.25223199,0.27455401,0.23102701,0.236607,3683164800
1993-09-01,0.236607,0.241071,0.205357,0.20870499,3668022400
1993-10-01,0.203125,0.28794599,0.196429,0.27455401,5905323200
1993-11-01,0.27455401,0.3125,0.265625,0.28125,3452108800
1993-12-01,0.285714,0.29017901,0.236607,0.261161,3956971200
1994-01-01,0.26339301,0.31473199,0.25669599,0.292411,7332035200
1994-02-01,0.29464301,0.34151801,0.28794599,0.32589301,4284459200
1994-03-01,0.328125,0.34375,0.28125,0.296875,5257985600
1994-04-01,0.28794599,0.30580401,0.241071,0.26785699,4042136000
1994-05-01,0.26785699,0.301339,0.254464,0.261161,3361657600
1994-06-01,0.254464,0.25558001,0.21986599,0.236607,4671788800
1994-07-01,0.23549099,0.30357099,0.22656301,0.30078101,4848065600
1994-08-01,0.30022299,0.33370501,0.28683001,0.32310301,4574897600
1994-09-01,0.31584799,0.332589,0.29799101,0.30078101,3232644800
1994-10-01,0.30022299,0.390625,0.29017901,0.38560301,7713484800
1994-11-01,0.38281301,0.388253,0.32477701,0.332589,4048945600
1994-12-01,0.33035699,0.35602701,0.31026801,0.348214,3787795200
1995-01-01,0.34709799,0.429129,0.33816999,0.36049101,8162100800
1995-02-01,0.363839,0.39732099,0.339286,0.35267901,5299347200
1995-03-01,0.354911,0.363839,0.30245501,0.31473199,6997144000
1995-04-01,0.316964,0.35379499,0.30022299,0.34151801,5674300800
1995-05-01,0.34151801,0.39620501,0.33482099,0.37109399,6384672000
1995-06-01,0.37388399,0.44754499,0.370536,0.414621,5521947200
1995-07-01,0.41517901,0.44531301,0.38392901,0.401786,5699579200
1995-08-01,0.40066999,0.41294599,0.37388399,0.38392901,5292918400
1995-09-01,0.38392901,0.40625,0.31026801,0.332589,7311483200
1995-10-01,0.33705401,0.353237,0.30022299,0.32421899,6498508800
1995-11-01,0.32700899,0.379464,0.316964,0.34040201,4864294400
1995-12-01,0.339286,0.35825899,0.28236601,0.28459799,6560243200
1996-01-01,0.28794599,0.316964,0.239816,0.24665201,10300214400
1996-02-01,0.245536,0.270089,0.243304,0.245536,4652099200
1996-03-01,0.24665201,0.24665201,0.205357,0.219308,3346750400
1996-04-01,0.22432999,0.236607,0.212054,0.21763401,2867076800
1996-05-01,0.21763401,0.25781301,0.209821,0.23325901,3603902400
1996-06-01,0.23102701,0.232143,0.17522299,0.1875,4673939200
1996-07-01,0.18861599,0.203125,0.142857,0.196429,4803489600
1996-08-01,0.196429,0.223214,0.185268,0.216518,3187374400
1996-09-01,0.21540201,0.21986599,0.180804,0.198103,3213548800
1996-10-01,0.196429,0.247768,0.196429,0.205357,5816977600
1996-11-01,0.20870499,0.23549099,0.20647299,0.21540201,2581364800
1996-12-01,0.21540201,0.227679,0.185268,0.18638401,4147483200
1997-01-01,0.18861599,0.198661,0.147321,0.14843801,9072739200
1997-02-01,0.15067001,0.15959799,0.13504501,0.145089,4574169600
1997-03-01,0.147321,0.17299099,0.14174099,0.162946,4502243200
1997-04-01,0.15736599,0.17745499,0.149554,0.151786,3809724800
1997-05-01,0.15067001,0.160714,0.14620499,0.14843801,2292707200
1997-06-01,0.151786,0.15290201,0.125,0.127232,2572304000
1997-07-01,0.124442,0.16182999,0.113839,0.15625,6782372800
1997-08-01,0.15736599,0.263951,0.156808,0.194196,17675705600
1997-09-01,0.196429,0.207589,0.1875,0.193638,3606075200
1997-10-01,0.193638,0.220982,0.14174099,0.15206499,6430043200
1997-11-01,0.156808,0.191964,0.15067001,0.158482,5547483200
1997-12-01,0.157924,0.160156,0.113839,0.117188,5097792000
1998-01-01,0.121652,0.178571,0.120536,0.163504,10211577600
1998-02-01,0.165179,0.21317001,0.15513401,0.21093801,7354166400
1998-03-01,0.210379,0.25,0.19307999,0.245536,10625977600
1998-04-01,0.244978,0.26450899,0.220424,0.24442001,8081886400
1998-05-01,0.245536,0.28236601,0.22879501,0.23772299,6803339200
1998-06-01,0.236607,0.25892901,0.22879501,0.256138,3909841600
1998-07-01,0.25781301,0.34040201,0.254464,0.30915201,10927660800
1998-08-01,0.30580401,0.390625,0.276786,0.27846,13220872000
1998-09-01,0.28013399,0.35881701,0.27343801,0.34040201,8080318400
1998-10-01,0.328125,0.368862,0.254464,0.33147299,12930926400
1998-11-01,0.33482099,0.35156301,0.28348199,0.28515601,10123523200
1998-12-01,0.285714,0.370536,0.28236601,0.365513,12924105600
1999-01-01,0.37611601,0.42243299,0.330915,0.367746,15127403200
1999-02-01,0.37221,0.37444201,0.308036,0.310826,8116516800
1999-03-01,0.310826,0.33147299,0.285714,0.320871,9951995200
1999-04-01,0.321987,0.42075899,0.29910699,0.410714,15888969600
1999-05-01,0.41127199,0.44642901,0.365513,0.393415,8908905600
1999-06-01,0.401786,0.4375,0.37555799,0.413504,6918620800
1999-07-01,0.413504,0.50558001,0.40346,0.49721,11466582400
1999-08-01,0.49665201,0.58816999,0.46540201,0.58258897,9244603200
1999-09-01,0.59821397,0.71540201,0.51283503,0.56528997,18967468800
1999-10-01,0.55468798,0.72377199,0.53125,0.71540201,14468496000
1999-11-01,0.71428603,0.92633897,0.69028997,0.87388402,8624929600
1999-12-01,0.90178603,1.053571,0.81305802,0.91796899,9418214400
2000-01-01,0.93638402,1.084821,0.77232099,0.92633897,12555177600
2000-02-01,0.92857099,1.070871,0.86607099,1.023438,7319782400
2000-03-01,1.058594,1.34263,1.017857,1.21261,8698356800
2000-04-01,1.20982,1.24554,0.93638402,1.1077,8662404800
2000-05-01,1.11495,1.12723,0.72991103,0.75,9807750400
2000-06-01,0.72991103,1.029018,0.71763402,0.93526798,8105204800
2000-07-01,0.93080401,1.082589,0.83705401,0.90736598,5746770400
2000-08-01,0.89843798,1.098214,0.79017901,1.08817,5636086400
2000-09-01,1.094866,1.14509,0.453125,0.45982099,14516930400
2000-10-01,0.47656301,0.47767901,0.3125,0.34933001,21905788800
2000-11-01,0.34709799,0.410714,0.28794599,0.29464301,8488373600
2000-12-01,0.30357099,0.3125,0.243304,0.265625,8858970400
2001-01-01,0.265625,0.401786,0.25781301,0.386161,13709460800
2001-02-01,0.36941999,0.39174101,0.32142901,0.32589301,7023766400
2001-03-01,0.31808001,0.42410699,0.30691999,0.39410701,10799062400
2001-04-01,0.39446399,0.48428601,0.33482099,0.45517901,11158991200
2001-05-01,0.45375001,0.47678599,0.344643,0.35624999,7468434400
2001-06-01,0.35946399,0.44821399,0.34553599,0.41517901,7638265600
2001-07-01,0.42214301,0.45035699,0.31874999,0.335536,8655102400
2001-08-01,0.33946401,0.35535699,0.30857101,0.33125001,5129359200
2001-09-01,0.33035699,0.34071401,0.26214299,0.27696401,5531523200
2001-10-01,0.27660701,0.34678599,0.26482099,0.31357101,7544247200
2001-11-01,0.31517899,0.384821,0.308036,0.380357,5369744800
2001-12-01,0.37607101,0.42910701,0.35874999,0.39107099,4629839200
2002-01-01,0.39375001,0.441607,0.36160699,0.44142899,8515376800
2002-02-01,0.434643,0.463929,0.37392899,0.38749999,7837424000
2002-03-01,0.39160699,0.45178601,0.38964301,0.42267901,5318583200
2002-04-01,0.41749999,0.46732101,0.410714,0.433393,6422836000
2002-05-01,0.43375,0.463929,0.39535701,0.416071,5976157600
2002-06-01,0.41767901,0.41874999,0.285357,0.31642899,8708016800
2002-07-01,0.31625,0.335536,0.246429,0.27250001,8118415200
2002-08-01,0.26982099,0.29017901,0.24946401,0.26339301,5151686400
2002-09-01,0.25874999,0.27125001,0.250893,0.25892901,5291837600
2002-10-01,0.26053599,0.293571,0.238571,0.286964,6611432800
2002-11-01,0.28464299,0.310357,0.26803601,0.276786,4531721600
2002-12-01,0.28392899,0.28749999,0.246071,0.25589299,4530439200
2003-01-01,0.25642899,0.274643,0.24214301,0.25642899,6045832800
2003-02-01,0.257321,0.27321401,0.246429,0.26803601,4114303200
2003-03-01,0.26803601,0.27071401,0.250714,0.2525,4028404800
2003-04-01,0.253571,0.26696399,0.227143,0.25392899,7775342400
2003-05-01,0.254464,0.33946401,0.25,0.32053599,10811544800
2003-06-01,0.32321399,0.35160699,0.29696399,0.34035701,6113335200
2003-07-01,0.33696401,0.38517901,0.33053601,0.37642899,5218270400
2003-08-01,0.375,0.40803599,0.34678599,0.40375,4307564800
2003-09-01,0.404643,0.41642901,0.35982099,0.37,5347484800
2003-10-01,0.36982101,0.44660699,0.36053601,0.40875,7040191200
2003-11-01,0.40767899,0.416071,0.35446399,0.373393,4974104800
2003-12-01,0.375714,0.39107099,0.34375,0.381607,5453873600
2004-01-01,0.384821,0.443571,0.378214,0.40285701,7927802400
2004-02-01,0.40107101,0.43035701,0.38749999,0.42714301,4922030400
2004-03-01,0.43035701,0.5025,0.42142901,0.48285699,11626115200
2004-04-01,0.48017901,0.52821398,0.45517901,0.46035701,8930174400
2004-05-01,0.464286,0.51392901,0.45535699,0.50107098,5304275200
2004-06-01,0.49625,0.61053598,0.493036,0.58107102,8227234400
2004-07-01,0.57321399,0.60053599,0.51321399,0.57749999,9696579200
2004-08-01,0.556786,0.628214,0.530357,0.61589301,8011365600
2004-09-01,0.61250001,0.70125002,0.61053598,0.69196397,7673506400
2004-10-01,0.69857103,0.94999999,0.67232102,0.93571401,16094366400
2004-11-01,0.9375,1.24232,0.929286,1.19732,17439604000
2004-12-01,1.21054,1.21339,1.1,1.15,15948615200
2005-01-01,1.15679,1.39089,1.11786,1.37321,25708244800
2005-02-01,1.37589,1.62286,1.3675,1.60214,21448946400
2005-03-01,1.60679,1.61107,1.38679,1.48821,14675920000
2005-04-01,1.50321,1.5875,1.21429,1.28786,19375518400
2005-05-01,1.29321,1.46214,1.1825,1.42,12858294400
2005-06-01,1.42464,1.45571,1.26857,1.31464,11327195600
2005-07-01,1.31536,1.585,1.29607,1.52321,10094246400
2005-08-01,1.52036,1.72607,1.50071,1.67464,9400806800
2005-09-01,1.67857,1.94857,1.64607,1.91464,12347770400
2005-10-01,1.93429,2.070714,1.70964,2.056786,18643447200
2005-11-01,2.044286,2.53821,2.031071,2.42214,13456427600
2005-12-01,2.4625,2.695,2.4575,2.5675,13064164400
2006-01-01,2.585,3.085714,2.53107,2.69679,21878371200
2006-02-01,2.67679,2.73071,2.24643,2.44607,18760697200
2006-03-01,2.45857,2.49964,2.059643,2.24,23192632400
2006-04-01,2.27393,2.57321,2.18036,2.51393,20119282400
2006-05-01,2.5275,2.63571,2.096071,2.13464,15608779200
2006-06-01,2.1375,2.25357,1.97893,2.045357,17936623600
2006-07-01,2.054286,2.45107,1.79143,2.42714,17479742000
2006-08-01,2.40071,2.5,2.235,2.42321,17887646000
2006-09-01,2.44571,2.77786,2.42214,2.74929,17721558400
2006-10-01,2.68214,2.95,2.59286,2.89571,14387956800
2006-11-01,2.89643,3.32714,2.77821,3.27357,13834884000
2006-12-01,3.27857,3.2975,2.74179,3.03,16890792800
2007-01-01,3.081786,3.49286,2.925,3.061786,27209781200
2007-02-01,3.079643,3.24321,2.95929,3.021786,13722354800
2007-03-01,3.001071,3.45821,2.99107,3.31821,15918644000
2007-04-01,3.36214,3.66071,3.2,3.56429,13459740000
2007-05-01,3.55679,4.36321,3.51964,4.32821,17365068000
2007-06-01,4.325,4.5575,4.12143,4.35857,23279541600
2007-07-01,4.32321,5.31857,4.26071,4.70571,24018573600
2007-08-01,4.77286,4.9875,3.98643,4.94571,24360798000
2007-09-01,4.99786,5.53571,4.64286,5.48107,20931223600
2007-10-01,5.5225,6.79,5.46179,6.78393,23277791600
2007-11-01,6.73571,6.88143,5.37964,6.50786,26199790400
2007-12-01,6.495,7.24857,6.32107,7.074286,17252678800
2008-01-01,7.11679,7.15214,4.505,4.83429,35173888400
2008-02-01,4.86571,4.87821,4.12286,4.465,24865954400
2008-03-01,4.44429,5.205,4.21429,5.125,22927273600
2008-04-01,5.225,6.42857,5.12893,6.2125,22786982400
2008-05-01,6.24857,6.86571,6.14286,6.74107,18588214400
2008-06-01,6.73571,6.78393,5.8625,5.98,19475794800
2008-07-01,5.86536,6.46107,5.23321,5.67679,19749760800
2008-08-01,5.71071,6.44464,5.46107,6.054643,13085755200
2008-09-01,6.15714,6.19643,3.5925,4.059286,24067562400
2008-10-01,3.99714,4.15714,3.035714,3.8425,41426711200
2008-11-01,3.78321,3.9925,2.82643,3.30964,23619461600
2008-12-01,3.26071,3.7,3.019643,3.048214,20213846800
2009-01-01,3.067143,3.47036,2.79286,3.21893,18105740800
2009-02-01,3.18214,3.67857,3.089643,3.18964,13867450800
2009-03-01,3.14714,3.92786,2.94036,3.75429,15424598000
2009-04-01,3.7175,4.54286,3.71036,4.49393,11821681200
2009-05-01,4.49286,4.85357,4.26357,4.85036,9457142800
2009-06-01,4.87393,5.22857,4.74571,5.086786,12675572000
2009-07-01,5.125,5.89286,4.80071,5.83536,10942136800
2009-08-01,5.90036,6.16036,5.69357,6.0075002,8165124800
2009-09-01,5.99964,6.74643,5.86107,6.61964,9989319200
2009-10-01,6.61964,7.45393,6.45357,6.73214,12956176800
2009-11-01,6.77857,7.42857,6.6275,7.13964,8454784800
2009-12-01,7.22286,7.64107,6.73857,7.52607,11393958800
2010-01-01,7.6225,7.69964,6.79464,6.85929,15168994400
2010-02-01,6.87036,7.3275,6.81607,7.30786,10776080000
2010-03-01,7.34821,8.48143,7.3375,8.39286,12154172800
2010-04-01,8.47893,9.73071,8.3125,9.32464,12367129600
2010-05-01,9.42286,9.56714,7.11607,9.17429,18082654800
2010-06-01,9.27464,9.96464,8.65,8.98321,16651252800
2010-07-01,9.082143,9.49964,8.55714,9.1875,15669704400
2010-08-01,9.30143,9.43857,8.41286,8.68214,9589120800
2010-09-01,8.83821,10.52607,8.79571,10.13393,11849919200
2010-10-01,10.21964,11.39286,9.92036,10.74929,12234577600
2010-11-01,10.79357,11.475,10.63429,11.1125,9508086000
2010-12-01,11.25964,11.66643,11.24607,11.52,6973234800
2011-01-01,11.63,12.45,11.60143,12.11857,10841535600
2011-02-01,12.18929,13.032143,12.061429,12.61464,9295949600
2011-03-01,12.69536,12.91679,11.65214,12.44679,11306458800
2011-04-01,12.53964,12.68321,11.43429,12.50464,9253829200
2011-05-01,12.49071,12.56536,11.765,12.4225,6912060400
2011-06-01,12.45964,12.57607,11.089286,11.98821,9263850400
2011-07-01,11.99821,14.44643,11.93571,13.94571,10653946800
2011-08-01,14.20643,14.26786,12.60786,13.74393,16142599200
2011-09-01,13.77929,15.10214,13.088571,13.61857,11977448000
2011-10-01,13.58464,15.23929,12.65143,14.45643,13141427600
2011-11-01,14.19321,14.57143,12.97571,13.65,8963701600
2011-12-01,13.66214,14.61036,13.48857,14.46429,6306532400
2012-01-01,14.62143,16.36571,14.60714,16.30286,6859854400
2012-02-01,16.37179,19.5575,16.21357,19.37286,11368554400
2012-03-01,19.5775,22.19464,18.43643,21.4125,15584338000
2012-04-01,21.49393,23.0,19.82143,20.85643,15598990400
2012-05-01,20.88929,21.31286,18.64929,20.63321,11106345600
2012-06-01,20.32714,21.071428,19.58929,20.85714,7855825600
2012-07-01,20.88321,22.13821,20.35714,21.81286,8909650400
2012-08-01,21.99679,24.31679,21.4375,23.75857,8276206400
2012-09-01,23.77714,25.18107,23.42857,23.825,9199005200
2012-10-01,23.97,24.16964,20.98929,21.26143,12142830000
2012-11-01,21.365,21.53571,18.0625,20.90286,12929851200
2012-12-01,21.20179,21.23536,17.90107,19.0060711,12132752800
2013-01-01,19.77929,19.82143,15.53571,16.2675,13123423600
2013-02-01,16.39679,17.31929,15.63071,15.76429,9344034000
2013-03-01,15.64286,16.78393,14.96429,15.80929,9176876800
2013-04-01,15.78214,15.90179,13.75357,15.81357,10963489600
2013-05-01,15.87357,16.63393,14.96071,16.061787,9447530400
2013-06-01,16.0975,16.22964,13.88821,14.16179,7018536000
2013-07-01,14.38179,16.33357,14.32929,16.16179,6538114800
2013-08-01,16.27679,18.34786,16.18786,17.40071,8058338400
2013-09-01,17.61071,18.14,15.97214,17.026787,8630941200
2013-10-01,17.0875,19.25893,17.081429,18.66786,7837732000
2013-11-01,18.715,19.94036,18.29929,19.85964,5225155600
2013-12-01,19.92857,20.54071,19.24286,20.036428,7057397200
2014-01-01,19.84571,20.007143,17.62679,17.87857,8765954400
2014-02-01,17.95036,19.68536,17.83214,18.79429,5880366800
2014-03-01,18.69357,19.60714,18.67179,19.16929,5001698800
2014-04-01,19.20571,21.40821,18.26179,21.074642,6435060800
2014-05-01,21.14286,23.0060711,20.72607,22.60714,5735668400
2014-06-01,22.64143,23.7625,22.23214,23.2325,4827739200
2014-07-01,23.38,24.86,23.1425,23.9,4140344000
2014-08-01,23.725,25.725,23.32,25.625,3748308000
2014-09-01,25.765,25.935,24.035,25.1875,6105680000
2014-10-01,25.1475,27.01,23.795,27.0,5441120800
2014-11-01,27.055,29.9375,26.93,29.7325,3281632800
2014-12-01,29.7025,29.8125,26.565,27.595,4294378400
2015-01-01,27.8475,30.0,26.1575,29.29,5221053600
2015-02-01,29.5125,33.4,29.02,32.115,4546140800
2015-03-01,32.3125,32.57,30.4075,31.1075,4554568400
2015-04-01,31.205,33.635,30.775,31.2875,3984542000
2015-05-01,31.525,33.2425,30.84,32.57,3816608400
2015-06-01,32.57,32.8475,31.12,31.3575,3514426800
2015-07-01,31.725,33.2425,29.805,30.325,4233122400
2015-08-01,30.375,30.6425,23.0,28.19,6427276400
2015-09-01,27.5375,29.2225,26.84,27.575,4826189200
2015-10-01,27.2675,30.305,26.8275,29.875,4450048400
2015-11-01,30.2,30.955,27.75,29.575,3002562400
2015-12-01,29.6875,29.965,26.205,26.315,3687660800
2016-01-01,25.6525,26.4625,23.0975,24.335,5087392000
2016-02-01,24.1175,24.7225,23.1475,24.1725,3243450400
2016-03-01,24.4125,27.605,24.355,27.2475,2984198400
2016-04-01,27.195,28.0975,23.1275,23.435,3489534800
2016-05-01,23.4925,25.1825,22.3675,24.965,3602686000
2016-06-01,24.755,25.4725,22.875,23.9,3117990800
2016-07-01,23.8725,26.1375,23.5925,26.0525,2743118400
2016-08-01,26.1025,27.5575,26.0,26.525,2520514000
2016-09-01,26.535,29.045,25.6325,28.2625,3872062400
2016-10-01,28.1775,29.6725,28.07,28.385,2747657200
2016-11-01,28.365,28.4425,26.02,27.63,2886220000
2016-12-01,27.5925,29.505,27.0625,28.955,2435086800
2017-01-01,28.95,30.61,28.69,30.3375,2252488000
2017-02-01,31.7575,34.37,31.7525,34.2475,2299874400
2017-03-01,34.4725,36.125,34.2625,35.915,2246513600
2017-04-01,35.9275,36.365,35.014999,35.9125,1493216400
2017-05-01,36.275,39.1625,36.067501,38.19,2615927200
2017-06-01,38.2925,38.995,35.55,36.0050011,2736712400
2017-07-01,36.22,38.4975,35.6025,37.1825,1688047600
2017-08-01,37.275,41.13,37.1025,41.0,2644276000
2017-09-01,41.2,41.235,37.29,38.53,2721496400
2017-10-01,38.565,42.4125,38.115,42.26,2017165200
2017-11-01,42.4675,44.060001,41.32,42.9625,2402653600
2017-12-01,42.4875,44.3,41.615,42.3075,2124735200
2018-01-01,42.54,45.025002,41.175,41.8575,2638717600
2018-02-01,41.7925,45.155,37.56,44.53,3711577200
2018-03-01,44.635,45.875,41.235,41.945,2854910800
2018-04-01,41.66,44.735,40.1575,41.315,2664617200
2018-05-01,41.6025,47.5925,41.3175,46.7175,2483905200
2018-06-01,46.9975,48.55,45.1825,46.2775,2110498000
2018-07-01,45.955,48.99,45.855,47.5725,1574765600
2018-08-01,49.7825,57.2175,49.3275,56.9075,2801275600
2018-09-01,57.1025,57.4175,53.825,56.435,2715888000
2018-10-01,56.9875,58.3675,51.5225,54.715,3158994000
2018-11-01,54.7625,55.59,42.565,44.645,3845305600
2018-12-01,46.115,46.235,36.6475,39.435,3595690000
2019-01-01,38.7225,42.25,35.5,41.61,3312349600
2019-02-01,41.74,43.9675,41.4825,43.2875,1890162400
2019-03-01,43.57,49.4225,42.375,47.4875,2603925600
2019-04-01,47.91,52.12,47.095001,50.1675,2024470800
2019-05-01,52.47,53.8275,43.7475,43.7675,2957826400
2019-06-01,43.9,50.3925,42.5675,49.48,2060874800
2019-07-01,50.7925,55.3425,49.6025,53.26,1895406800
2019-08-01,53.475,54.5075,48.145,52.185,2724326400
2019-09-01,51.6075,56.605,51.055,55.9925,2170268400
2019-10-01,56.2675,62.4375,53.7825,62.19,2433210800
2019-11-01,62.385,67.0,62.29,66.8125,1793326000
2019-12-01,66.8175,73.4925,64.072502,73.4125,2388794800
2020-01-01,74.059998,81.9625,73.1875,77.3775,2934370400
2020-02-01,76.074997,81.805,64.092499,68.34,3019279200
2020-03-01,70.57,76.0,53.1525,63.5725,6280072400
2020-04-01,61.625,73.6325,59.225,73.45,3265299200
2020-05-01,71.5625,81.059998,71.4625,79.485,2805936000
2020-06-01,79.4375,93.095001,79.3025,91.2,3243375600
2020-07-01,91.28,106.415,89.145,106.26,3020283200
2020-08-01,108.2,131.0,107.8925,129.039993,4070061100
2020-09-01,132.75999,137.98,103.099998,115.81,3885245100
2020-10-01,117.64,125.39,107.72,108.86,2894666500
2020-11-01,109.11,121.99,107.32,119.050003,2123077300
2020-12-01,121.010002,138.78999,120.010002,132.69,2322189600
2021-01-01,133.52,145.089996,126.38,131.96001,2240262000
2021-02-01,133.75,137.88,118.39,121.26,1833855600
2021-03-01,123.75,128.72,116.21,122.15,2650418200
2021-04-01,123.66,137.070007,122.49,131.46001,1889857500
2021-05-01,132.039993,134.070007,122.25,124.61,1711934900
2021-06-01,125.080002,137.41,123.13,136.96001,1606590000
2021-07-01,136.60001,150.0,135.75999,145.86,1919035100
2021-08-01,146.36,153.49001,144.5,151.83,1461542800
2021-09-01,152.83,157.25999,141.27,141.5,1797835100
2021-10-01,141.89999,153.17,138.27,149.8,1565079200
2021-11-01,148.99001,165.7,147.48,165.3,1691029000
2021-12-01,167.48,182.13,157.8,177.57001,2444766700
2022-01-01,177.83,182.94,154.7,174.78,2108446000
2022-02-01,174.0099945,176.64999,152.0,165.12,1627516300
2022-03-01,164.7,179.61,150.10001,174.61,2180800100
2022-04-01,174.029999,178.49001,155.38,157.64999,1687795600
2022-05-01,156.71001,166.48,132.61,148.84,2401040300
2022-06-01,149.89999,151.74001,129.039993,136.72,1749099800
2022-07-01,136.039993,163.63,135.66,162.50999,1447125400
2022-08-01,161.0099945,176.14999,157.14,157.22,1510239600
2022-09-01,156.64,164.25999,138.0,138.2,2084722800
2022-10-01,138.21001,157.5,134.37,153.34,1868139700
2022-11-01,155.080002,155.45,134.38,148.029999,1724847700
2022-12-01,148.21001,150.92,125.87,129.92999,1675731200
2023-01-01,130.28,147.23,124.17,144.28999,1443652500
2023-02-01,143.97,157.38,141.32001,147.41,1307198900
2023-03-01,146.83,165.0,143.89999,164.89999,1520266600
2023-04-01,164.27,169.85001,159.78,169.67999,969709700
2023-05-01,169.28,179.35001,164.31,177.25,1275155500
2023-06-01,177.7,194.48,176.92999,193.97,1297101100
2023-07-01,193.78,198.23,186.60001,196.45,996066400
2023-08-01,196.24001,196.73,171.96001,187.87,1322439400
2023-09-01,189.49001,189.98,167.62,171.21001,1337586600
2023-10-01,171.22,182.34,165.67,170.77,1172719600
2023-11-01,171.0,192.92999,170.12,189.95,1099586100
2023-12-01,190.33,199.62,187.45,192.53,1062774800
2024-01-01,187.14999,196.38,180.17,184.39999,1187219300
2024-02-01,183.99001,191.050003,179.25,180.75,1161627000
2024-03-01,179.55,180.53,168.49001,171.48,1432782800
2024-04-01,171.19,178.36,164.080002,170.33,1245717000
2024-05-01,169.58,193.0,169.11,192.25,1336537700
2024-06-01,192.89999,220.2,192.14999,210.62,1723984500
2024-07-01,212.089996,237.23,211.92,222.080002,1153099800
2024-08-01,224.37,232.92,196.0,229.0,1122667000
2024-09-01,228.55,233.089996,213.92,233.0,1232140300
2024-10-01,229.52,237.49001,221.33,225.91,930736000
2024-11-01,220.97,237.81,219.71001,237.33,891640600
2024-12-01,237.27,260.10001,237.16,250.42,977916100
2025-01-01,248.92999,249.10001,219.38,236.0,1200291700
2025-02-01,229.99001,250.0,225.7,241.84,862272300
2025-03-01,241.78999,244.029999,208.42,222.13,1115239500
2025-04-01,219.81,225.19,169.21001,212.5,1606488200
2025-05-01,209.080002,214.56,193.25,200.85001,1195728200
2025-06-01,200.28,207.39,195.070007,205.17,1100409300
2025-07-01,206.67,216.23,206.14,207.57001,1079935600
2025-08-01,210.87,235.12,201.5,232.14,1218079100
2025-09-01,229.25,257.60001,225.95,254.63,1265536400
2025-10-01,255.039993,277.32001,244.0,270.37,1097142200
2025-11-01,270.42001,280.38,265.32001,278.85001,877578200
2025-12-01,278.01001,288.62,266.95001,271.85999,924528800
2026-01-01,272.26001,277.84,243.42,259.48001,1040017300
2026-02-01,260.029999,280.91,255.45,264.17999,988921000
2026-03-01,262.41,266.53,245.50999,253.78999,900035700
2026-04-01,254.080002,276.0,245.7,271.35001,907538500
2026-05-01,278.85999,315.0,274.85999,312.059998,981286400
2026-06-01,309.63,317.39999,273.75,289.35999,1401170100
2026-07-01,293.44,344.57001,289.20001,308.91,1198861200
2026-08-01,309.57999,322.37,300.57001,316.85001,902409200
2026-09-01,316.98001,336.22,309.89999,334.835,386529954
